{
  "project_info": {
    "project_number": "311583074787",
    "project_id": "note-ce5a5",
    "storage_bucket": "note-ce5a5.firebasestorage.app"
  },
  "client": [
    {
      "client_info": {
        "mobilesdk_app_id": "1:311583074787:android:e156dc3dcab786c65998d6",
        "android_client_info": {
          "package_name": "com.example.note"
        }
      },
      "oauth_client": [
        {
          "client_id": "311583074787-3aa7r9ug4bh46jd9do2f4fmebcpaqv61.apps.googleusercontent.com",
          "client_type": 1,
          "android_info": {
            "package_name": "com.example.note",
            "certificate_hash": "488d982e514980ce50dc375e73118b23b563d734"
          }
        },
        {
          "client_id": "311583074787-een0phc05a2u1qii3524to8paqgi2ipl.apps.googleusercontent.com",
          "client_type": 3
        }
      ],
      "api_key": [
        {
          "current_key": "AIzaSyB54Qzj111n0n_J-LqgQ59D_oVOesZuyik"
        }
      ],
      "services": {
        "appinvite_service": {
          "other_platform_oauth_client": [
            {
              "client_id": "311583074787-een0phc05a2u1qii3524to8paqgi2ipl.apps.googleusercontent.com",
              "client_type": 3
            }
          ]
        }
      }
    }
  ],
  "configuration_version": "1"
}